{
 "source": "martj42-goalscorers",
 "competicoes": [
  "martj42/international_results"
 ],
 "n_matches": 0,
 "n_goals": 47513,
 "f45": 0.4444,
 "cdf": [
  0.00444,
  0.01231,
  0.01976,
  0.02787,
  0.03643,
  0.04472,
  0.05382,
  0.06322,
  0.07141,
  0.08151,
  0.0909,
  0.10073,
  0.10936,
  0.11887,
  0.12954,
  0.13904,
  0.14823,
  0.15855,
  0.16791,
  0.17839,
  0.18711,
  0.19643,
  0.20594,
  0.21476,
  0.2251,
  0.23518,
  0.24452,
  0.25456,
  0.26466,
  0.27616,
  0.28577,
  0.29556,
  0.30476,
  0.31499,
  0.32627,
  0.33555,
  0.3462,
  0.357,
  0.36666,
  0.37764,
  0.38701,
  0.39789,
  0.40924,
  0.42161,
  0.44438,
  0.45114,
  0.46135,
  0.47174,
  0.48248,
  0.49462,
  0.50599,
  0.51811,
  0.52956,
  0.54076,
  0.55366,
  0.56393,
  0.5757,
  0.58693,
  0.59779,
  0.61023,
  0.62082,
  0.6328,
  0.6442,
  0.65388,
  0.66706,
  0.67788,
  0.68933,
  0.70002,
  0.71004,
  0.72206,
  0.73249,
  0.74426,
  0.75571,
  0.76611,
  0.77989,
  0.7906,
  0.80151,
  0.81329,
  0.82424,
  0.83754,
  0.84949,
  0.86132,
  0.8738,
  0.88542,
  0.89889,
  0.91045,
  0.92248,
  0.93616,
  0.9513,
  1.0
 ],
 "bands": {
  "0–15": 0.1295,
  "16–30": 0.1466,
  "31–45": 0.1682,
  "46–60": 0.1658,
  "61–75": 0.1697,
  "76–90": 0.2201
 },
 "built": "2026-06-25",
 "nota": "Curva empírica de minuto do gol (regulamentar). Probabilidade, não certeza."
}